,0,1,2
0,못난이 감자 특대 5kg,"최저13,900원",https://cr.shopping.naver.com/adcr.nhn?x=AM9PyzEuNMpygLPN5HAUXv%2F%2F%2Fw%3D%3Ds%2BPv1wfv85MNz0skya383jypvKwR8fWDkG1OqjPpFcL%2F6tqFPUgrb4kukVk4dN7aAz7rt3oBo3tTczjIDZriVKEgAn8lD2%2BxrgblrBqYwPdUckd9Ca%2FSccvvQHwZvN6rS4QPlYXyL3cnursDztOpIele6WUqrzgxtJA%2F39mHt4Ff4caovVTCIm8tA7LDZLBDTRsCh5GS%2BklokEzA%2FJ0VszxCGSQdcrj%2BZJHLmJxgT%2Fbtl4iW%2BMD%2FQjh61pzAKu9w5SlWYXKRqXv5iR0OtLuLTQApDZQ8Sr5A9bAXG5x9YHB2OwYdfwd9mz6JQam7s%2BAfuy%2F6MHZ6u%2F5n6uuzlUc6JNEuUiTS4CHUtVxQrWeRhExgKNXNAqcGnl4EKzS5CqJ4MkJSqE1u6AUeUuHufxXkT4qijoc0bAzZ9Ere3GQRwqNTd58tKsZRBbL902hIJTKlELpTEl5qHQ6bSWQg5m1P1kicHw%2BbVNBFavLWf1I9nbM7G%2BbOskCpqCS6N%2Bmj%2FslzHYz8uX%2FXe7v1C9wPOHQLR3U84QNaiKnIKwX3k0VWnnZV0in6CNSUqxwwB24dFuOiADWrhHEcp0p%2F%2FKKziu53PdAbehTNBvrPZJhXc82bHE6WWUU5tPhqlv8%2F6onu4Bl%2FbV3OdHgSE8LoEjTx9zpNPbFaRsOtQUnaEEbxBoHxZXOc%3D&nvMid=21515416638&catId=50002215
1,해도지 못난이 고향감자 10kg,"최저21,040원",https://cr.shopping.naver.com/adcr.nhn?x=YFvg%2F4Xd2iysC5Z1uvXPIf%2F%2F%2Fw%3D%3Dsjav1VKtXcN8IZIbXUmlvyYoODEH0f%2BYAKk0c3GxRJTn6tqFPUgrb4kukVk4dN7aAV%2Fl7pnPEHA6aWyaJee74XUgAn8lD2%2BxrgblrBqYwPdUckd9Ca%2FSccvvQHwZvN6rS4QPlYXyL3cnursDztOpIele6WUqrzgxtJA%2F39mHt4Ff4caovVTCIm8tA7LDZLBDTRsCh5GS%2BklokEzA%2FJ0VszxCGSQdcrj%2BZJHLmJxgT%2FbsnrK17xF7LFU1oj80FgkGyUM39DVUMeOe144wyHunbUQpDZQ8Sr5A9bAXG5x9YHB2OwYdfwd9mz6JQam7s%2BAfuy%2F6MHZ6u%2F5n6uuzlUc6JNEuUiTS4CHUtVxQrWeRhExgvgT8b9jXo1aNzsn3zGDGDycWs3TjDHVv4c1SqsXutuaijoc0bAzZ9Ere3GQRwqNRmUGfa5Se9frZmHBgF%2Br%2BHLpTEl5qHQ6bSWQg5m1P1kmBWQapZLCEwTa76o98mprmfsNrAI7jPfSZXxNb4e5frXhh4aCb4E3X5jteZigx4FqOuInwfQ1XmfH35WvRpRXZZ8wesUqLuZhLUkySBr%2Ffh1hVakCkfACehEIsvLbjFXPoLRdeTzJJo5DQ5ovPMjEVSZ6YDUHCGrej0aixRHKTzZvp%2Bn7gMs96ixiVzfSr7QQ4SwcLvxUEucVmH%2BcOht40%3D&nvMid=21514505482&catId=50002215
2,조이야드 푸르젠 포근포근 감자 특 10kg,"최저23,150원",https://cr.shopping.naver.com/adcr.nhn?x=vZ5LICjggaxaNF2I8RzAMf%2F%2F%2Fw%3D%3DsZQoOVl2PRxETbBJwxobspCWgRsVb%2BtkpeF2lTLhNAqZ9nbz%2B8Cg0m0RbU%2FG%2BaYYDcKU%2BHT8VJw%2BKWujg4L%2B%2BzEPg%2F6PYJW9LpCSumzPJoijqwaShusc4uN1D0982lqsADninsbK%2B0QEqymm0VXCpcozLi21O7t%2BaM36aRQHaLjBBBajPSlNsehlVHvLCMQAahmeWtJmvw8M90EK%2Bzy5a114nEdwofithSFzlLG8az9C4UHmFypIBpdZYYqxijnT1n1YI3stlquoR8HUi1hhjYt%2Fa6W%2FGFeasd5DQNlTJa7P4nFM0ZQUIqcsmz3WIfC5%2BueCfFDuywxl3T1PQ6PKMjF5qtMG%2FJ0PUtQjclakIAMgLAUuBaPHSMXsa7lw1lXXVULwi9L40%2BwQ8nsPqaU2L%2FixbbcbX1aQhbxQXsCtCdtjFdq3a17hpspB7UPkUlQUvS13L%2FQM%2BCZuq6rpKOfI%2Bg798YCg%2FAmMWDp44133BvfsBSC4y9YFroUec0h2ZSZkQBN7WoYvS801sY%2FgMwu9JZWPLtkocVlSRVj0r0dxjO8mYZUoL7OR8pFBAJYwBtjV4jr%2Fvhuz%2FM2bOeEg7k3nONZclVCGDK%2BS20xA7L%2BztNKvfx7qigh41XrMOLnu7mMIzy1Vhq%2FH77x9Zlr1IFzyuow%3D%3D&nvMid=22188480800&catId=50002215
3,과일천하 햇감자 중 10kg,"최저20,830원",https://cr.shopping.naver.com/adcr.nhn?x=OnJXeyTOKs9E8gQhMa4d8v%2F%2F%2Fw%3D%3Ds20z0U7RWlaq3RZ5dhq%2FaCb6Idb3IcJ4DEO%2BrHpUUAEf6tqFPUgrb4kukVk4dN7aA9%2BOZhD6tRe8h3JJnh5s2NkgAn8lD2%2BxrgblrBqYwPdUckd9Ca%2FSccvvQHwZvN6rS4QPlYXyL3cnursDztOpIele6WUqrzgxtJA%2F39mHt4Ff4caovVTCIm8tA7LDZLBDTRsCh5GS%2BklokEzA%2FJ0VszxCGSQdcrj%2BZJHLmJxgT%2FbuOjYSiostSnsZn1U2pkbSZnbCR81Ijr7zljDCn9OW5jgpDZQ8Sr5A9bAXG5x9YHB2OwYdfwd9mz6JQam7s%2BAfuy%2F6MHZ6u%2F5n6uuzlUc6JNEuUiTS4CHUtVxQrWeRhExhDP4DWy465kmqI5ICZbgYFycWs3TjDHVv4c1SqsXutuaijoc0bAzZ9Ere3GQRwqNTZ8pGrdHHB5y6d%2B4OyZdt3LpTEl5qHQ6bSWQg5m1P1kkZ1BFaWxsbh%2BnjfhsaxcQpCkZykfRtEallMN1bh27dh5gp%2B6h%2FA%2BU%2BmQfK31kpnFS1Nd9n25T2pxcpNS5erEbTR04t0jzCj4lpEJWv8Zf07n3Af24KJVx3t5woVjGQGlx%2BTQhcSeQWdIQPKjPcHXd%2B6RhD0P%2FJLMIi8RD0z%2FB7wHRyPBWbUFRhWScTsgQynPg%3D%3D&nvMid=22206179272&catId=50002215
4,길여울농산 강원도 수미감자 특 10kg,"최저57,100원",https://cr.shopping.naver.com/adcr.nhn?x=nLl3fAEzihKF63Qho22oCP%2F%2F%2Fw%3D%3Ds0CZvrYiZGB09FF5HoGtlhIgoZdyfbaXdbjZdgZJ9PXcwpG6kzVdwzYpTbuDgo77mfUNbC1ABLsXtyEAlliVW9EPg%2F6PYJW9LpCSumzPJoijqwaShusc4uN1D0982lqsADninsbK%2B0QEqymm0VXCpcozLi21O7t%2BaM36aRQHaLjBBBajPSlNsehlVHvLCMQAahmeWtJmvw8M90EK%2Bzy5a114nEdwofithSFzlLG8az9BanhiwCEbyJohnHZLDIwkCn1YI3stlquoR8HUi1hhjYt%2Fa6W%2FGFeasd5DQNlTJa7P4nFM0ZQUIqcsmz3WIfC5%2BueCfFDuywxl3T1PQ6PKMjF5qtMG%2FJ0PUtQjclakIAMjBIVCFP8Lrpg7sG66Dxq%2FAULwi9L40%2BwQ8nsPqaU2L%2FixbbcbX1aQhbxQXsCtCdth3enSbxX2gR%2FBuaREUszZyS13L%2FQM%2BCZuq6rpKOfI%2Bg404vdJrwsOyH3v3HCoCaVEIS9yHxpDnFl267BbSMqVDOiqIi6DoJ7PVCHSasfZkW9kb6jS1DXbTN7znxHCCMuuk4bUu2HTXnsJefv0U9Jd3YnHIcETcJifOE8sb44IMxYzyIiNg2JwOrYgRr05SQPIeyLDo8viTvoa5sIjvMBUaxyAhEKTy%2B0Zvtn8oYxIR0Q%3D%3D&nvMid=22178294034&catId=50002215
5,조이야드 푸르젠 포근포근 감자 중 10kg,"최저17,900원",https://cr.shopping.naver.com/adcr.nhn?x=eCl4bI1fJGmV5GGacMg8ZP%2F%2F%2Fw%3D%3Ds8fgPlpok%2F6Y82RkBQy%2FQdTX8KgX7hLjzKWKY1WRi36f6tqFPUgrb4kukVk4dN7aAvU2bGE4ZmgiflHu%2B8%2BfU%2F0gAn8lD2%2BxrgblrBqYwPdUckd9Ca%2FSccvvQHwZvN6rS4QPlYXyL3cnursDztOpIele6WUqrzgxtJA%2F39mHt4Ff4caovVTCIm8tA7LDZLBDTRsCh5GS%2BklokEzA%2FJ0VszxCGSQdcrj%2BZJHLmJxgT%2Fbt1HqNDb5vyljKs6nqI5b2YO76sNRtasIDqimPeiJLLtQpDZQ8Sr5A9bAXG5x9YHB2OwYdfwd9mz6JQam7s%2BAfuy%2F6MHZ6u%2F5n6uuzlUc6JNEuUiTS4CHUtVxQrWeRhExiqCRrjJwdLz9yMV%2BmOkjHikJSqE1u6AUeUuHufxXkT4qijoc0bAzZ9Ere3GQRwqNSmLzKareqNUQ%2Fmc77LWCmMLpTEl5qHQ6bSWQg5m1P1kiFoDJZhFh8Ku7ZXNtE%2BkkwKpHoWMdBMWpqjqF3przynjZ26wwaDnzIfb0OmuUh9bz%2BkUYxZpf8kyU5OZYcdVkzwb52HpCAjJhEsVmHaJGoNramjBwCZI9AwCV4mCTWQmWgg9CIw%2BOhVBC1n6PxmcB1w4HzTSE4wyTHgJslLyBe%2BVoWd0jB03C5aYq3HUc1IKtSSLJQZncWk8e8Ttfjz6Fs%3D&nvMid=22188557211&catId=50002215
6,과일천하 햇감자 대 10kg,"최저31,430원",https://cr.shopping.naver.com/adcr.nhn?x=b8yFUYv%2BSJ52aowxx%2BdMqv%2F%2F%2Fw%3D%3DshuEzVfBWorcyvRf8sSJgm6u%2BDYkgvNEN5%2FGbYLvoMsX6tqFPUgrb4kukVk4dN7aAKNzCvbI2gb2GUc3NXE3%2Bd0gAn8lD2%2BxrgblrBqYwPdUckd9Ca%2FSccvvQHwZvN6rS4QPlYXyL3cnursDztOpIele6WUqrzgxtJA%2F39mHt4Ff4caovVTCIm8tA7LDZLBDTRsCh5GS%2BklokEzA%2FJ0VszxCGSQdcrj%2BZJHLmJxgT%2FbsR3UKnQN8a09bVxmTo5b%2B4w5LlFE7QGwZKpgEdE00WLApDZQ8Sr5A9bAXG5x9YHB2OwYdfwd9mz6JQam7s%2BAfuy%2F6MHZ6u%2F5n6uuzlUc6JNEuUiTS4CHUtVxQrWeRhExjNKnA2udE7X73ucq7D39OAbSaYUAR5OgK45HyKFf50r6ijoc0bAzZ9Ere3GQRwqNRaFeuQKKlkat24hbw5OlNCLpTEl5qHQ6bSWQg5m1P1kkZ1BFaWxsbh%2BnjfhsaxcQrElAhmxU5f1Qdzxm1bhvN85gp%2B6h%2FA%2BU%2BmQfK31kpnFRFIzlb%2Fsq7fowhxkZUU42%2FeVCkWKPzKzV645p4Vhjg8FQwuyGCI%2Bg3dUVY%2FXoQXMb%2B44FzX6HW5Ty%2FJ%2FA8nc9%2BZlx94YAUkM9lQ7%2FFy%2BGEvHRyPBWbUFRhWScTsgQynPg%3D%3D&nvMid=22206292404&catId=50002215
7,조이야드 푸르젠 포근포근 감자 대 10kg,"최저25,900원",https://cr.shopping.naver.com/adcr.nhn?x=lyo3yAyqVympPpGONcA%2ByP%2F%2F%2Fw%3D%3Dsm9jS%2BcN0bh%2FtzYID9%2FyYsF2HP5UiwYEQReQIzoZq2p%2F6tqFPUgrb4kukVk4dN7aAChHCYB3XZbjh4At1YxH6lUgAn8lD2%2BxrgblrBqYwPdUckd9Ca%2FSccvvQHwZvN6rS4QPlYXyL3cnursDztOpIele6WUqrzgxtJA%2F39mHt4Ff4caovVTCIm8tA7LDZLBDTRsCh5GS%2BklokEzA%2FJ0VszxCGSQdcrj%2BZJHLmJxgT%2Fbtf3iUJ2MiRfDxMnUhqKTzDnEyD4NZfxJjuciBlmwFsKApDZQ8Sr5A9bAXG5x9YHB2OwYdfwd9mz6JQam7s%2BAfuy%2F6MHZ6u%2F5n6uuzlUc6JNEuUiTS4CHUtVxQrWeRhExi6U8ATFyRG91WxWQs%2F9MAZnej2z53PUS1TSUIYwD3Ij6ijoc0bAzZ9Ere3GQRwqNR%2FQ7YNmkcDWZvuv639FqbELpTEl5qHQ6bSWQg5m1P1kiFoDJZhFh8Ku7ZXNtE%2BkkwXyNmGg2hNkhy73et7b2x%2BXyDJQ95LJhFFi6fK4Zu7Xz%2BkUYxZpf8kyU5OZYcdVkyE%2FbwAvL6U3f%2FpejajXrXsramjBwCZI9AwCV4mCTWQmWDhO%2B8rJtHvfKk6CKRPYWYLuzpgWKJlh1fjgshD%2BziLVoWd0jB03C5aYq3HUc1IKtSSLJQZncWk8e8Ttfjz6Fs%3D&nvMid=22188096969&catId=50002215
8,바로푸드 국내산 햇 수미감자 상 3kg,"최저12,900원",https://cr.shopping.naver.com/adcr.nhn?x=A%2FinS9SMzrSoNucneXxfFP%2F%2F%2Fw%3D%3DsNLxpCKYBwTQ96hIg9QyAO%2F%2FDkLoTWIvy0jneyua6v5L11%2FXqYoC%2FPbVadL01uMO3q%2FiFcBoIklLSleoELzSBr9yGaSr%2B0dRu37W7MMIB4NEaKnS7qDzT33%2Bj2nEMp8lHKrSIcZi51i57IK9dEOieM3LJOYH7%2BUr%2BgXR5VVpnF%2BK7RXiwcjGWeYWpdeGl2PwEHinNrx5sg4hc%2Bs%2BwYZL3l6Tq%2FbD2MGowZHhNOyBhpCdg%2FtA6up4c81jdEn153bTAJxjlN%2Bfta3EY5F7nPVl8eUykJ9tAJB2qMGkn5TaT1UbPPJrxjpBga%2Bf8M%2BB6nL1d334rL%2BbR36BhYe0R%2FrUmjgBSTS1sRv49oBHxm%2Bxq6HhDWJU%2FEW9f0xeOe4ha4I1AD0qnv%2B39A%2FmafN%2FfTS4g8zFTIQfeZK%2FbagYa3FYad6%2Fw0hRvmHsQ04wv5Bm23bp%2FKtSXliMdM%2Fle4Mph%2BtYf4AvAts%2FiNAzDpVWXZoRUG2Xjb5jk%2BFN8ZJvmiUG3RF2%2FJYqgSLWbHONkOlIDVNWrXaOuInwfQ1XmfH35WvRpRXa5Onfcse1cHZVIyRi11UjwIeFQ7h2Qbq9hrXcS9E3ThfoLRdeTzJJo5DQ5ovPMjEVcse8SSlTbxYh4r7XkCxUSFSkKhIYHYp7eziNuCDnp4YVsN%2FiAcjmtIwlTUFZwg6A%3D&nvMid=28665988556&catId=50002215
9,강원도 수미감자 특 20kg,"최저108,400원",https://cr.shopping.naver.com/adcr.nhn?x=Rar%2B7ikEsB6uD6qVy%2FVq%2Bv%2F%2F%2Fw%3D%3Dsuka%2BR6MfIMeP4a3b04AXAwP4cIIXIXU5qHAk1l60kwn11%2FXqYoC%2FPbVadL01uMO3VtJyArycP0xPVf8Vf6p5KNyGaSr%2B0dRu37W7MMIB4NEaKnS7qDzT33%2Bj2nEMp8lHKrSIcZi51i57IK9dEOieM3LJOYH7%2BUr%2BgXR5VVpnF%2BK7RXiwcjGWeYWpdeGl2PwEHinNrx5sg4hc%2Bs%2BwYZL3l6Tq%2FbD2MGowZHhNOyBhpCc8QjNkNSfyBRld0NM8aHo2rySMs6xanccMYZJeQEVY0EykJ9tAJB2qMGkn5TaT1UbPPJrxjpBga%2Bf8M%2BB6nL1d334rL%2BbR36BhYe0R%2FrUmjgBSTS1sRv49oBHxm%2Bxq6Hit0WZZn8MZi9NtTxCXeKB%2BJl5XruIOUnUeIekZUmNfnzFTIQfeZK%2FbagYa3FYad684713M%2Bg7g5AL5yZSP%2FEbutjmM6TnNXpc7yOV%2FO%2B%2B8wjactcTsb9hY7XFIVDpR3FmQA7%2FAfuN%2BDzHmjZwg4UgjEAgXpgV%2F509e4J7kiViLLOYKfuofwPlPpkHyt9ZKZxUrl5q69uoc34qJnSv7VcR6O3cqni%2BZHczxfSNZSveZ%2BXs3T4qzSBIVN2HAysFdoOQKZrpvErqySOS2Mi1mo9Lj%2B1cwHbvzzkIcankfQFs0pw4SwcLvxUEucVmH%2BcOht40%3D&nvMid=22178694100&catId=50002215
10,강원도 수미감자 특 3kg,"최저23,600원",https://cr.shopping.naver.com/adcr.nhn?x=KWREgByJ4FnSLCyBCKBHlf%2F%2F%2Fw%3D%3Dscm2lq3n9Uw8Qd45BG2LQuHb5lzUgFUYcawlsxgtN07X6tqFPUgrb4kukVk4dN7aA6jHxRNc8CtZ2wunOSdSW10gAn8lD2%2BxrgblrBqYwPdUckd9Ca%2FSccvvQHwZvN6rS4QPlYXyL3cnursDztOpIele6WUqrzgxtJA%2F39mHt4Ff4caovVTCIm8tA7LDZLBDTRsCh5GS%2BklokEzA%2FJ0VszxCGSQdcrj%2BZJHLmJxgT%2FbsH%2FyLSL%2Fo7bRRgFFI8qgSta27H6ttp0cdZzugQLcovYgpDZQ8Sr5A9bAXG5x9YHB2OwYdfwd9mz6JQam7s%2BAfuy%2F6MHZ6u%2F5n6uuzlUc6JNEuUiTS4CHUtVxQrWeRhExjJTGPpaURmyOuTlGJ6ygCmMYtTqz2d9AlLB1q5Qt4F7Kijoc0bAzZ9Ere3GQRwqNRM4NxVw0BBSmsVpeqHO1BOLpTEl5qHQ6bSWQg5m1P1knjAsD20E%2F7058PKngJPUi7czruR6JOS35PWtxEudGMi2XSNBLyIIavyAC%2FU8EDGvGmxoko%2B0j%2FBUD9o10%2FM%2FZMFbjTnytY0lVe%2Fa5dmuyFN71tqtWQablf%2F77SlIExh5%2BFjpDA3qWdjYSfNsO2C8YKjxRfD0yI0gC8CdgWWaXSRPm2V2WLj0oLfvtXSAq9jPg1QmAmnoJRdq4K9btjkCM0%3D&nvMid=22178669906&catId=50002215
11,강원도 당진 햇감자 5kg,"최저24,810원",https://cr.shopping.naver.com/adcr.nhn?x=xzs7n%2Fp6pq5uRbFFHHuJtP%2F%2F%2Fw%3D%3Ds%2Fy08iSI9rJ1u4zrxbCA06Ob9l2Acykj%2BhlyiB0sjJAf11%2FXqYoC%2FPbVadL01uMO3i0u%2Fm1S5hWmGN8K6ZERHLdyGaSr%2B0dRu37W7MMIB4NEaKnS7qDzT33%2Bj2nEMp8lHKrSIcZi51i57IK9dEOieM3LJOYH7%2BUr%2BgXR5VVpnF%2BK7RXiwcjGWeYWpdeGl2PwEHinNrx5sg4hc%2Bs%2BwYZL3l6Tq%2FbD2MGowZHhNOyBhpCc8QjNkNSfyBRld0NM8aHo2FwxKhFpnIdXyX1RF4OMS5UykJ9tAJB2qMGkn5TaT1UbPPJrxjpBga%2Bf8M%2BB6nL1d334rL%2BbR36BhYe0R%2FrUmjgBSTS1sRv49oBHxm%2Bxq6HhjskjPyy4UYwINwU8XheNKEWdqplbH%2Bl9ZG%2BcBMAz9gzFTIQfeZK%2FbagYa3FYad6%2BY8ZI8aMsRGkYbZ5gRpu9P9E1o01N70KHVTV0%2FSKghkzactcTsb9hY7XFIVDpR3FmHMFH6T5Q5yUW%2Bt85hQm4QuWHQ5cdXVtZduP2vsDqSEIjwIVOip%2BreLicErQgyHHq%2BmTj17mQPdjo5ztNfXn0Rs8DyeamzCpD8NX7E42gAyCWFf3L%2Br25WhgFnuQHOJjgM8LvYH0vds9984hU5JAPDvY1TiMhlEW2yPg%2BhbMkERkHQIiXcF4qwUXZ2sX76wW8%3D&nvMid=22178612072&catId=50002215
12,루토사 엑스트라 크리스피 슈스트링 감자튀김 2kg,"최저6,420원",https://cr.shopping.naver.com/adcr.nhn?x=iLyAl%2BcccnZB7QlwC3oO8%2F%2F%2F%2Fw%3D%3Dst0Id5NBbDACKCIv4t84p9G%2BynRJBaDuodF%2Fj7dvsfqP6tqFPUgrb4kukVk4dN7aAK2f8kKADK%2BdhZEM4eX1xhEgAn8lD2%2BxrgblrBqYwPdUckd9Ca%2FSccvvQHwZvN6rS4QPlYXyL3cnursDztOpIele6WUqrzgxtJA%2F39mHt4Ff4caovVTCIm8tA7LDZLBDTRsCh5GS%2BklokEzA%2FJ0VszxCGSQdcrj%2BZJHLmJxgT%2Fbv8uI7APIfTWV9SB5N0i01ZAYxl29v%2Btb0QgDixM0%2BLvgpDZQ8Sr5A9bAXG5x9YHB2OwYdfwd9mz6JQam7s%2BAfuy%2F6MHZ6u%2F5n6uuzlUc6JNEuUiTS4CHUtVxQrWeRhExjkijg3LSbG8udZl7jW5c6DMYtTqz2d9AlLB1q5Qt4F7FrJHhqXwVshp4M8nKDLMothrk8%2FIw3517AjvD16LPDuLpTEl5qHQ6bSWQg5m1P1khMLLsuYsXFS%2BNkgzX61rsDlM%2FNaOPte6gyI8UZqgd76tPPoaBZQ4Fgg4xeA3NKMbg4RdBaUQxyliAjv7IKz8GYGZv2ToEDSrSLUmgVBwt29aMftDabvCIUwtqtILVFnt7%2FYwSzhSB%2Bh11qB1nkLO%2FfkTPxgmw3Lfr8I61fBWTxxCdEHD%2FHV8hpTSILi5JBNPaaqC731jphaY5ljBFLVpuCOvnrLIilWIe%2FuVL16Q6oAQdAiJdwXirBRdnaxfvrBbw%3D%3D&nvMid=31206303213&catId=50001877
13,맥케인 케이준 후라이 2kg 냉동 감자튀김 후렌치후라이 감튀,"최저9,130원",https://cr.shopping.naver.com/adcr.nhn?x=T9sDz3mR5Gia2GQR6t8%2BX%2F%2F%2F%2Fw%3D%3Ds%2B%2FrlrFAjMrU6qhxhVhoXXAxcwsIn1ruczZbenpEQgBD11%2FXqYoC%2FPbVadL01uMO3EnuebvHKFPWsVUCDigL6VtyGaSr%2B0dRu37W7MMIB4NEaKnS7qDzT33%2Bj2nEMp8lHKrSIcZi51i57IK9dEOieM3LJOYH7%2BUr%2BgXR5VVpnF%2BK7RXiwcjGWeYWpdeGl2PwEHinNrx5sg4hc%2Bs%2BwYZL3l6Tq%2FbD2MGowZHhNOyBhpCeDT2CNidtU2Cs6Kd2V28bKqxCQ0NizZCvr%2ByNSC2RZBUykJ9tAJB2qMGkn5TaT1UbPPJrxjpBga%2Bf8M%2BB6nL1d334rL%2BbR36BhYe0R%2FrUmjgBSTS1sRv49oBHxm%2Bxq6HgjWRGYSkoXpbSzg9kp2eg3qS3bQfftqD6pFKVyzAa%2BAup2LdD%2BbxXYDmNHXbecDBmh752tht%2BNrzi3A%2BFSWKElDWvh18%2FnzsBDYroeU2MsbTvGpL1e3QvzqM8CeZk1hGJ1E0dKq9TeXJSzmq8Al5yhZlgLDItuIv6e1nb%2F2%2FaFwGGYmyhcDaBt%2BewmwnmTFTKaZf4iGfFVqpkLZ6Z6EeXfXRnwXV%2BGii9PCDflGcEUYS3KhITorHMrTqbX4dA%2FfgINWweEQhMr8IaKqLCOrLN1BjuqjAxizcXl8INHdyOSdgQQaTBWB%2B4v5sZvflxiXLV9XGUnFOgA1TYIPuyTukf%2FKHLxMTNqYMCMuBJjI7f5%2F0HQIiXcF4qwUXZ2sX76wW8%3D&nvMid=31397528554&catId=50001877
14,개미농법 자색 돼지감자즙 100ml x 60개입,"최저39,900원",https://cr.shopping.naver.com/adcr.nhn?x=DhEAO9GsqWaGILHuyhAFBP%2F%2F%2Fw%3D%3DsEeClZXURCPBmQlBSKkpHozPV2tK2GguPE4XBMMHzL4L11%2FXqYoC%2FPbVadL01uMO3YjApEEQRuVImgg4e7A6pRdyGaSr%2B0dRu37W7MMIB4NEaKnS7qDzT33%2Bj2nEMp8lHKrSIcZi51i57IK9dEOieM3LJOYH7%2BUr%2BgXR5VVpnF%2BK7RXiwcjGWeYWpdeGl2PwEHinNrx5sg4hc%2Bs%2BwYZL3l6Tq%2FbD2MGowZHhNOyBhpCd1IVVRV%2BIGQhFmBQg%2Fst0pKT2B3TTIEhWDEJ9i3POHCUykJ9tAJB2qMGkn5TaT1UbPPJrxjpBga%2Bf8M%2BB6nL1d334rL%2BbR36BhYe0R%2FrUmjgBSTS1sRv49oBHxm%2Bxq6HjUVHiUWRrDWKhtJZ25SJALMpjOvKWkN%2FZO9WTRl%2BJHXa6UVF2WBXk8pyNQAd1l4QscP%2F%2BKFL%2B6dR46i1OjtICC7s%2BzzxC8sa0T8MGEozVqRRqRJG6RpzmPANs75zK0We7f7kN3stARekQjjFPh0%2F5Lh%2BOS2%2BD73f0XtfsAZsfFA7JXvbkXsemEyTIqEHZBHero25vV4DEJ1rWGN7C06%2FM9tliHevt0INgnjGD60p5dwYgN%2F1NgM4LgvOAJ6Euy6vmgFWmw12O8DWURXS%2F2hMLc0ZDYejL0YfsmYA3p6aeFwldznR4EhPC6BI08fc6TT2xWkbDrUFJ2hBG8QaB8WVzn&nvMid=29904162619&catId=50007007
15,오리온 무뚝뚝 감자칩 60g,최저870원,https://cr.shopping.naver.com/adcr.nhn?x=qBOi253qPUnj2vagO68s0v%2F%2F%2Fw%3D%3Dsx5A5a%2BcoGeavI%2BUk0c0WIarE8FtMK%2BfkqQmPARBf%2FVj6tqFPUgrb4kukVk4dN7aAtRvQo8f%2BlMccqFFq3uOGw0gAn8lD2%2BxrgblrBqYwPdUckd9Ca%2FSccvvQHwZvN6rS4QPlYXyL3cnursDztOpIele6WUqrzgxtJA%2F39mHt4Ff4caovVTCIm8tA7LDZLBDTRsCh5GS%2BklokEzA%2FJ0VszxCGSQdcrj%2BZJHLmJxgT%2FbsfHlzXGKucaEbsChEos4FdGyQQkWPFGZ0kbJjc90AHhQpDZQ8Sr5A9bAXG5x9YHB2OwYdfwd9mz6JQam7s%2BAfuy%2F6MHZ6u%2F5n6uuzlUc6JNEuUiTS4CHUtVxQrWeRhExji8o%2BHUs6VJt8%2FuzsNFmj58%2FltUem26kZ1An0Fy7keyTAknLkCnWEeriZBpndT1lzUfzuKnJ6rXXT0Qvfgh3sFLpTEl5qHQ6bSWQg5m1P1klv3TBQnLXdnRGwj2MrqVy2a6%2BeHjRfRPm0abbjcom0kijK8DCZSswxLIfBPSPunbe2si0M8zDN%2BFuwf49868DUDKB%2BBVYR8nkkf2xQoXxFU%2BgtF15PMkmjkNDmi88yMRTBIot4eawUX7pAKeVG8P8nBAA2YI3EJFKvnEBNm4YcEy1Vhq%2FH77x9Zlr1IFzyuow%3D%3D&nvMid=10658761887&catId=50001998
16,오리온 눈을감자 56g,최저850원,https://cr.shopping.naver.com/adcr.nhn?x=LxpIvMyPB66xGPRsHLGec%2F%2F%2F%2Fw%3D%3Ds378h53svFceD40xUlLjV7YtUv33FwQ%2FKm5oFn6lanrn6tqFPUgrb4kukVk4dN7aA0KjmMlpOTIg8ylbcarb63tof6jW5jHdz%2FbROY2pgmykluxxfm60J9z8rnZUjvqTWvu9tqJHbfXPwfKkK5PpdFttd6rYIzUR9PyTmbfshzta4jp8uemz%2B7MaYE6fnL7VfSWzUz3G5xfGQ8%2B3tBOZJEWvqR2unsG9Pw6XBns%2FftjIAMMwerT%2Be0U4VhthrKBq9jetP6Xq8JpW6F%2FOefjP98ApDZQ8Sr5A9bAXG5x9YHB2OwYdfwd9mz6JQam7s%2BAfuy%2F6MHZ6u%2F5n6uuzlUc6JNEuUiTS4CHUtVxQrWeRhExjU5wfMbpmM6%2BsY7Nk7sGDFC0afASdA2UNqNtsNDaOtdgbTewvyRxGi05G%2FOysQoDZzVJuoP%2Fst4vTb4mJ8JSDtLpTEl5qHQ6bSWQg5m1P1ktd57PBEAvlq8IU3Q1i%2FAJqPK2RokhR%2BoWzWiY4ACPNZCcw6xw6%2Fo%2BOaTLOOReQXTzUWcCzO9n8CiL3U9WzLiClPwCXFJiRdosf3os3K%2FWn1Ez%2BW9edlb28QjW8wqi2HnZoQDyOPZnKSRv%2B3r6KfxBlvU2Y6hEEwGxc1AZfON9sL4VRAH%2BsMDObarUodGweR8Q%3D%3D&nvMid=9970347945&catId=50001998
17,노브랜드 해쉬 브라운 감자 640g,"최저2,570원",https://cr.shopping.naver.com/adcr.nhn?x=t9QTYggu5nD%2FMZUX4hd4W%2F%2F%2F%2Fw%3D%3DsCTCHxgskBRiAs1Qse8W28HzDOdQd5mrJmiFYvEOyl2%2F6tqFPUgrb4kukVk4dN7aAwAsp1h3dPr5vzetMaqgTb0gAn8lD2%2BxrgblrBqYwPdUckd9Ca%2FSccvvQHwZvN6rS4QPlYXyL3cnursDztOpIele6WUqrzgxtJA%2F39mHt4Ff4caovVTCIm8tA7LDZLBDTRsCh5GS%2BklokEzA%2FJ0VszxCGSQdcrj%2BZJHLmJxgT%2FbtduCyi8vp8F8HzaIZQYPkq3jPKKZ%2Bv2zl8NxpvYeeqWgpDZQ8Sr5A9bAXG5x9YHB2OwYdfwd9mz6JQam7s%2BAfuy%2F6MHZ6u%2F5n6uuzlUc6JNEuUiTS4CHUtVxQrWeRhExi5q%2Fh9NAUwvLvwM4meBUntdXuuPsatgYU9id2jTf8AfVrJHhqXwVshp4M8nKDLMotJIPDFA7sL5bU%2FPw4w%2Fd57LpTEl5qHQ6bSWQg5m1P1knMX4NpYY8BW23%2Fs%2BitFSZkNWMt%2FIde7q2d4wr75ShQn4WNLGqXwpznq5QqfaFPgPfq0YkAKGNEwdlbVvoM8Y5HwKbP1%2BzskB6K2JX5Zu3zjDWrhHEcp0p%2F%2FKKziu53PdE7TIUN6Ra3lElWPhXv5FfQqguaEjT3iu0qKeg8GsAhlV3OdHgSE8LoEjTx9zpNPbFaRsOtQUnaEEbxBoHxZXOc%3D&nvMid=31672720472&catId=50001877
18,맥케인 스트레이트컷 스킨온 2 27kg 감자튀김 맥케인 드라이,"최저8,870원",https://cr.shopping.naver.com/adcr.nhn?x=OFivAshMMwaBNkDLRhmlbv%2F%2F%2Fw%3D%3Ds784Y%2Fp6OTF6xc%2BRVxXztQhohmgD0oiUYJEz6scZR%2Fn9%2Bl6uwIDSFNhsIt4Ke0I3qU0sAN9JNMrjPqG%2FN7UmHEkPg%2F6PYJW9LpCSumzPJoijqwaShusc4uN1D0982lqsADninsbK%2B0QEqymm0VXCpcozLi21O7t%2BaM36aRQHaLjBBBajPSlNsehlVHvLCMQAahmeWtJmvw8M90EK%2Bzy5a114nEdwofithSFzlLG8az9Crm9pTCFXrTHGLNuQmpdS3n1YI3stlquoR8HUi1hhjYt%2Fa6W%2FGFeasd5DQNlTJa7P4nFM0ZQUIqcsmz3WIfC5%2BueCfFDuywxl3T1PQ6PKMjF5qtMG%2FJ0PUtQjclakIAMg1XTGtYCjYHI9q1uONoGmsULwi9L40%2BwQ8nsPqaU2L%2FqLiORyuCNHAyfg4ANOQZJx%2BJt7ZA9XbdC3692MBfKnqS13L%2FQM%2BCZuq6rpKOfI%2Bg7syfENHColJFrW5acpagXMWhGusrwRoAmayA4ZMhVdLBOWyjqH95UPo9BKOjmj2lq4DSfPiqUwt3F5xLCB1zbTnRBLLvYUlXopKEHwIr9SGCjBjaYHFLHWXYC02XlUAwSbmdVCrT8JFqiqFnAuX2P93AnPVvXYwhQODQbJLHOSIEs8cFUTVf2EXpmSuc9bAhLNOp7RT%2F2Rh9pXac4gBNUb8vAY11gLerFyWVUQkfJ1gzY6of2Xpggjm6A4Z8HgJhg%3D%3D&nvMid=31701705359&catId=50001877
19,맛감자 2kg 루토사 포테이토 크런치 감자튀김 15 포테이토 크런치 맛감자 2kg 참조,"최저6,800원",https://cr.shopping.naver.com/adcr.nhn?x=QmWYKwYuWDJ4e1CJJcn9XP%2F%2F%2Fw%3D%3DsOpT%2FmBVxXSPskodYWtTclBtzxQWuYkd2L5elusAIa7H6tqFPUgrb4kukVk4dN7aAfCKUewgk8vRaA9Uk7TY75EgAn8lD2%2BxrgblrBqYwPdUckd9Ca%2FSccvvQHwZvN6rS4QPlYXyL3cnursDztOpIele6WUqrzgxtJA%2F39mHt4Ff4caovVTCIm8tA7LDZLBDTRsCh5GS%2BklokEzA%2FJ0VszxCGSQdcrj%2BZJHLmJxgT%2Fbs6jHza2%2B%2B7RU9KX%2BG5u2cQx0bbmNyot%2FbOS%2BfrAHA8gQpDZQ8Sr5A9bAXG5x9YHB2OwYdfwd9mz6JQam7s%2BAfuy%2F6MHZ6u%2F5n6uuzlUc6JNEuUiTS4CHUtVxQrWeRhExj5noQ7XpMrDM9kCExG3HiBdXuuPsatgYU9id2jTf8AfVrJHhqXwVshp4M8nKDLMou8m2JF0KSBeYW4RxFv7K9QLpTEl5qHQ6bSWQg5m1P1kiKc5r4yD72JBWw5EJ0T32nu%2BJ%2FxIAzOsVOoEAdcQtkJ%2Fq8ifdTXZusQ9fcLTswpBOG78AL55bHfxJgroldrNjjPz6mLJVnDGnF%2FFWpl9coJvXFjM2rdoGYxvdGbkigL9Tvup0aw%2BF%2FVcnc%2F%2FfA9EjLwHkWG56%2FlXinYb3LIuikpujxkjsJ%2BexOwAeyxN%2FPc1dKG2jnbljhPuwjAfv%2F36xFicchwRNwmJ84TyxvjggzFmWaqKRpBLLfDvCvJbjU8%2BUX83F26Z3lxX3yNC7ES2Jnke%2FVP%2BgM94BPZkP5YJ%2Bex&nvMid=30899238481&catId=50001877
20,새청뜰 남원 수제 전통 김 다시마 고추 감자 부각 생활감동,"최저6,050원",https://cr.shopping.naver.com/adcr.nhn?x=vEtBYyiWZiwsEw9i7JCSPP%2F%2F%2Fw%3D%3Dsxktj4WsBkVx6oJeKRoP%2BotRlXpcYNn0qzuhbFawbJFf6tqFPUgrb4kukVk4dN7aAHnHQ2P5U8pj0zvg57H1%2Fp0gAn8lD2%2BxrgblrBqYwPdUckd9Ca%2FSccvvQHwZvN6rS4QPlYXyL3cnursDztOpIele6WUqrzgxtJA%2F39mHt4Ff4caovVTCIm8tA7LDZLBDTRsCh5GS%2BklokEzA%2FJ0VszxCGSQdcrj%2BZJHLmJxgT%2FbtE4REclIy4AmGZZOQuZRlaFIBdpZ5ykz%2FYc%2FU2szdUlQpDZQ8Sr5A9bAXG5x9YHB2OwYdfwd9mz6JQam7s%2BAfuy%2F6MHZ6u%2F5n6uuzlUc6JNEuUiTS4CHUtVxQrWeRhExjK0kzw5NY%2FvwgRovLWLDRzaCggqxzSk0EzU99rGAl7HSq%2FA4jfQ12pKDnm6DMeXqkJWtfkmlMZdCVMpTX53VvCLpTEl5qHQ6bSWQg5m1P1kq6M2XCEP075r7t6QcBbC6XFTt7aKYcpXd692JGqEmGws1tnXUl%2Beo2yqTq%2BDexwkQftDUZAqWa%2BT%2FLttSMiOoQDteqAn87eeoJAWdVQRAtRk3dggbA7pLh4frU0BUjFa5K7Ysa2ieV%2BelUr%2FqCY%2BbvS9ia6N0KSzQ9htOKmqR5XT8AlxSYkXaLH96LNyv1p9VFdI4Y8G8WVSVatUD4H5CxMpGN27yZ0tf85fVymltBob1NmOoRBMBsXNQGXzjfbC%2BFUQB%2FrDAzm2q1KHRsHkfE%3D&nvMid=30469547084&catId=50002018
21,심플로트 스킨온 10컷 랜치 웨지 반달감자 2kg,"최저5,880원",https://cr.shopping.naver.com/adcr.nhn?x=zBZ23NZ9cN22slLI22GkgP%2F%2F%2Fw%3D%3DsmeQ%2FyfddsM5opdPPmt7m97ChpH6pKPpF%2BXSHAC2r%2Fmb6tqFPUgrb4kukVk4dN7aASKtY5akwOhUNaeheanGxtkgAn8lD2%2BxrgblrBqYwPdUckd9Ca%2FSccvvQHwZvN6rS4QPlYXyL3cnursDztOpIele6WUqrzgxtJA%2F39mHt4Ff4caovVTCIm8tA7LDZLBDTRsCh5GS%2BklokEzA%2FJ0VszxCGSQdcrj%2BZJHLmJxgT%2FbtwBvdRplqE0qdxMIbL%2B82Q3cjAWx6Aswp6Cuc%2FYDZR1gpDZQ8Sr5A9bAXG5x9YHB2OwYdfwd9mz6JQam7s%2BAfuy%2F6MHZ6u%2F5n6uuzlUc6JNEuUiTS4CHUtVxQrWeRhExjhBytVR%2FxNoVynREH9xnuRnej2z53PUS1TSUIYwD3Ij1rJHhqXwVshp4M8nKDLMouCBFp1VwbuxodqEuCVpEtKLpTEl5qHQ6bSWQg5m1P1knOun%2FhYtfPePjLvFhMi4j86JsyPslcVdTEG1fZM4gy3RdZOzd%2FHe%2F8Vd1lz8wFOhbpkalVHI0D%2BRQHYn%2B3SvZpEwOW7R6FrZEguji6%2FsyTXmf2z4etgmNXg5S3NpyxceaDLJQhB6S7huPSZh3Zsv8yIDf9TYDOC4LzgCehLsur5nEq%2FRgvged%2FBiy8R0YAS2PmgL0G%2B4Deg8NoKi7ItXwpXc50eBITwugSNPH3Ok09sVpGw61BSdoQRvEGgfFlc5w%3D%3D&nvMid=32240030740&catId=50001877
22,루토사 스트레이트 감자튀김 1kg,"최저3,170원",https://cr.shopping.naver.com/adcr.nhn?x=uidapLRDGNE8mDDD613DlP%2F%2F%2Fw%3D%3DssqjEULho0wNM1D1Pq%2BBEkbUmSWYybFc8fslc3NzrdDH11%2FXqYoC%2FPbVadL01uMO3zF6Z4L3vy4%2FCLIyjadlnNdyGaSr%2B0dRu37W7MMIB4NEaKnS7qDzT33%2Bj2nEMp8lHKrSIcZi51i57IK9dEOieM3LJOYH7%2BUr%2BgXR5VVpnF%2BK7RXiwcjGWeYWpdeGl2PwEHinNrx5sg4hc%2Bs%2BwYZL3l6Tq%2FbD2MGowZHhNOyBhpCeWirPOfccKSNYMaGxgGrw9h%2Bec1LX39pqrwXIjIM1vPEykJ9tAJB2qMGkn5TaT1UbPPJrxjpBga%2Bf8M%2BB6nL1d334rL%2BbR36BhYe0R%2FrUmjgBSTS1sRv49oBHxm%2Bxq6HibnobWc%2Fka0uuIMpYCGV8MyxHthEiN5TA0J5Z0RzHbOOp2LdD%2BbxXYDmNHXbecDBkGH86W1VWkENHdgBWttCE8o31mWtnA5YRgkWsz7fYrfBconPOavnHPxtITG5QVRoLhVN%2FwdfJqgGWiy%2Fj%2FZU95%2BxXSMlrzjr7mNBFws7DlL7sD%2FS9I%2B2LxwdjijZ9qy3BrtoibKFhAIsFv5Pkp2dSnZ9AYrDzgLvocWJjVfQzp0KAMcCxRX0OBNfbSj0GCpNYa1C6bjxFTLepa%2Bao8SCtIBWaKVdlU7DyD6pm%2Ft4ey6x0cjwVm1BUYVknE7IEMpz4%3D&nvMid=31706564339&catId=50001877
23,웰빙 건강중심 볶은 돼지감자 차 500g,"최저8,000원",https://cr.shopping.naver.com/adcr.nhn?x=DJ9e8h9bS6cztMRlFdktP%2F%2F%2F%2Fw%3D%3DsSSs4dlL2AMDU8v9c08cnXIA11wRQGOQq%2BCB95zhHiJXuNWB6%2BiOs87tYTQ2n8VpWDQUiiJKi0j5MYNXaWQk2dEPg%2F6PYJW9LpCSumzPJoijqwaShusc4uN1D0982lqsADninsbK%2B0QEqymm0VXCpcozLi21O7t%2BaM36aRQHaLjBBBajPSlNsehlVHvLCMQAahmeWtJmvw8M90EK%2Bzy5a114nEdwofithSFzlLG8az9B%2BaXEfdxhbmQu4b5neNp7Nn1YI3stlquoR8HUi1hhjYt%2Fa6W%2FGFeasd5DQNlTJa7P4nFM0ZQUIqcsmz3WIfC5%2BueCfFDuywxl3T1PQ6PKMjF5qtMG%2FJ0PUtQjclakIAMjkTe9gVPMZvW70EslbtJN6ULwi9L40%2BwQ8nsPqaU2L%2Fpoe3QoKkGOhtBjEBY7S3JIx4zq2vqvqOVdO0FlvJPhsS13L%2FQM%2BCZuq6rpKOfI%2Bg6pXFIAmFdnc%2Frh%2FyxJS5fKX1nkBIuR9UMu5k7XH%2BnB0BN7WoYvS801sY%2FgMwu9JZf7mHqCIxZGIJAl6ajgO1%2BAmYMHvz1Fnnlcg25%2F%2F3zkK%2BgtF15PMkmjkNDmi88yMRc1UWtGFtGDqbb0xR%2B1Pbi%2FBAA2YI3EJFKvnEBNm4YcEy1Vhq%2FH77x9Zlr1IFzyuow%3D%3D&nvMid=31144770618&catId=50002384
24,해태제과 구운감자 27g,최저480원,https://cr.shopping.naver.com/adcr.nhn?x=%2BejE46XcXIZhjmTX%2B2EPkP%2F%2F%2Fw%3D%3Ds7G7ZLMPrTMvsPGbGeJBak5u5sYzyxIID481Zpvd7w3fyuUkfG485ko9Mx5eDH%2BkxSkm%2Blqdt47yiKIncXUYD3IZnlrSZr8PDPdBCvs8uWtdKzInqKADQtYsSu9KSIlX7QZutqpVDeyAc8Li7uR%2BmJlljBBYtv5payX80X9AyDM2gvqajU0ObnZcxKcivXivr3IZpKv7R1G7ftbswwgHg0WT0ijqJmgB8QFB%2BxuSEEwHC3O4B%2BdXRBZCjcovqYZKEE42QdBZGZzwG32UubbjYqLMUhyoaP5%2Bmw%2F8DAQfUJI75a%2Fsv7zhe7Pk7QbBgu%2FkaVV3pn6Znl%2B9MAtsEE%2BZ8ouacYsA2T1ONC2M4R1%2F3Eb9%2BZT9achalfYD34DBLz6M0ISFv7n5uAItYPm5%2BaPBVoLqnhYefLpi6StGeQ7szu0lvLSreNs%2BmVleSGGNAlUrEsckzTqbxeSSgAFLHEsUV6TIl4fs6btXW%2BRVpC7ESWsEtWRWtkGGtYzVnBhRE3om2uwfgXF8cfi0NBry6nPObmzzO1UEyJjgTGb10xAov%2B46IDf9TYDOC4LzgCehLsur5KcCCZB%2Bz0onMR7v6SG%2F2GrAWARJwpflg6L4I2p6FTVNXc50eBITwugSNPH3Ok09sVpGw61BSdoQRvEGgfFlc5w%3D%3D&nvMid=5717873004&catId=50001998
25,본아미 감자칩 와사비맛 68g,최저660원,https://cr.shopping.naver.com/adcr.nhn?x=L0%2Fixqj3vIIQ73dmMAfBKv%2F%2F%2Fw%3D%3DsavnxgZQcGPznIONU7nqDeK6ARgcljWu0M9XbG14p%2B8D6tqFPUgrb4kukVk4dN7aAJ3vKWTlNsn0rh3Vw7fBGqEgAn8lD2%2BxrgblrBqYwPdUckd9Ca%2FSccvvQHwZvN6rS4QPlYXyL3cnursDztOpIele6WUqrzgxtJA%2F39mHt4Ff4caovVTCIm8tA7LDZLBDTRsCh5GS%2BklokEzA%2FJ0VszxCGSQdcrj%2BZJHLmJxgT%2FbtbsxicOiLn6sytgQEDjYaYE6%2FK5Vl9EoRSrJvoRremFQpDZQ8Sr5A9bAXG5x9YHB2OwYdfwd9mz6JQam7s%2BAfuy%2F6MHZ6u%2F5n6uuzlUc6JNEuUiTS4CHUtVxQrWeRhExhzE5imuHdw9rpNyXaht625ycWs3TjDHVv4c1SqsXutuTAknLkCnWEeriZBpndT1lwwUb%2F60XkGqGij8EdomTXcLpTEl5qHQ6bSWQg5m1P1khqpYvhogFo7FxYMoNHI%2FtNx929HgojhtjDdt3A%2F%2Bb8BjR930cIOfOu%2B7x6u%2FMGMS%2FI0fIFRfBZUPaSLRPGc3PLkMhBkid4qBS0GMm1JriDnAlWBfahU2w5%2FChzTt%2FFj1q%2FZzo4bJsXm%2F88UbQ7jLg0XAUEgfxICVwe%2BPr5QkCr0dVMYcmrBNLGCBD8pUtsj%2BIKoDr6us%2BRKRCOTdsWr9TI%3D&nvMid=13811900743&catId=50001998
26,이가자연면 멸치육수 감자수제비 6인분,"최저2,590원",https://cr.shopping.naver.com/adcr.nhn?x=ktQZlZuDYGqPq30ti4n%2FiP%2F%2F%2Fw%3D%3DsD0L%2BLc%2F7%2B7x4NAZNJE8MEIQhcTXEyQZeAteUrMJ1y%2BH6tqFPUgrb4kukVk4dN7aAnU%2BJdBRFT9D%2B5orhgZdHvkgAn8lD2%2BxrgblrBqYwPdUckd9Ca%2FSccvvQHwZvN6rS4QPlYXyL3cnursDztOpIele6WUqrzgxtJA%2F39mHt4Ff4caovVTCIm8tA7LDZLBDTRsCh5GS%2BklokEzA%2FJ0VszxCGSQdcrj%2BZJHLmJxgT%2FbuPegXhCTaptRNcEC9z46eARIZ3LOHw3xPyCYBkFayH%2BApDZQ8Sr5A9bAXG5x9YHB2OwYdfwd9mz6JQam7s%2BAfuy%2F6MHZ6u%2F5n6uuzlUc6JNEuUiTS4CHUtVxQrWeRhExjgyEvkwSPVOZNMcG3k3FlwkJSqE1u6AUeUuHufxXkT4pgD7fmTOAh3PbxKyamiB7vPHTzpiVNVSttyrumI7PM2LpTEl5qHQ6bSWQg5m1P1kiX%2BRIF3gwFVwTNdHg7JvBMHM74zwL4aO7DuMVQlb%2F8LnJjgYBylk0RdZEOQSZ4uCSMmxR3vuGPG7tPSpZCLeCTyNHyBUXwWVD2ki0TxnNzypRosIzdgTuEu%2BI9Oy8fiTQ%2FJBB4zZxLKAo03e8nY3M%2BP9ozmdV%2FWs5eTR9VTjChbgOWhnDbCwet%2Bw1rQy1uVBxP4iM5qrbImqT0Ji6EgPywOEsHC78VBLnFZh%2FnDobeN&nvMid=31266792415&catId=50001878
27,오뚜기 초간편 감자전믹스 200G,"최저2,300원",https://cr.shopping.naver.com/adcr.nhn?x=%2F0TAoJRp0xJJsGWCwPrIqv%2F%2F%2Fw%3D%3DskUcMqP1n51f0ELtSOJKTs7nMceA3%2Bon84GpXYyQbGZL6tqFPUgrb4kukVk4dN7aAl4yV%2B6%2FNh%2FYYCm8GfHGNwUgAn8lD2%2BxrgblrBqYwPdUckd9Ca%2FSccvvQHwZvN6rS4QPlYXyL3cnursDztOpIele6WUqrzgxtJA%2F39mHt4Ff4caovVTCIm8tA7LDZLBDTRsCh5GS%2BklokEzA%2FJ0VszxCGSQdcrj%2BZJHLmJxgT%2FbthJ4vrCU3kOao0L%2BlJz2%2F6EBLbzjFwu%2B1fnFBYMPqS8gpDZQ8Sr5A9bAXG5x9YHB2OwYdfwd9mz6JQam7s%2BAfuy%2F6MHZ6u%2F5n6uuzlUc6JNEuUiTS4CHUtVxQrWeRhExjkOsstB3Do3BXlM69%2Bc3af7pPdsO2laUIQ4dxtyds9rpiZIgDv06NuxI3do%2F8l5KjhaYHncKo4QeqAF2mOFO5rLpTEl5qHQ6bSWQg5m1P1kiadhRsXqLvnq6Nxv2%2FoiIKXgn%2BmEffcBOhu%2BrUEF6bySkhJwRwMMyQbf39Xl0%2FJb%2FGC1nukVR6cxrAQ3BOeTywStJ%2FgvOJ%2F2%2FXQkHJGXbVeT8AlxSYkXaLH96LNyv1p9TIUs9hBps17ZDl31QDg%2BzZ83NpV3mRpYnI%2F0cWT29FCb1NmOoRBMBsXNQGXzjfbC%2BFUQB%2FrDAzm2q1KHRsHkfE%3D&nvMid=12376496075&catId=50012500
28,푸드센스 유기농 돼지감자 차 100g,"최저6,400원",https://cr.shopping.naver.com/adcr.nhn?x=cQfGz6o%2FDYeVFD%2FLNC4h0f%2F%2F%2Fw%3D%3DsEFJiI%2FneqCjvuzYGs0YXbRmHH8y5ykgN%2B3F9C0m2kQz11%2FXqYoC%2FPbVadL01uMO311Lj9jsX05D7Cc7USUBIQ9yGaSr%2B0dRu37W7MMIB4NEaKnS7qDzT33%2Bj2nEMp8lHKrSIcZi51i57IK9dEOieM3LJOYH7%2BUr%2BgXR5VVpnF%2BK7RXiwcjGWeYWpdeGl2PwEHinNrx5sg4hc%2Bs%2BwYZL3l6Tq%2FbD2MGowZHhNOyBhpCeqOQ%2F057kvsQac84fYdxemI22jlgKodt6A99tkRHAmEEykJ9tAJB2qMGkn5TaT1UbPPJrxjpBga%2Bf8M%2BB6nL1d334rL%2BbR36BhYe0R%2FrUmjgBSTS1sRv49oBHxm%2Bxq6Hhcfzv5i%2F0GQ2h2DAWJGejLOg3gliy9WF21yda9GunEnTFTIQfeZK%2FbagYa3FYad69yejyIfC618ZmKNApaNsrE3%2FECCDh5%2FrZYglPUr7M4HtUkSUiSEVrEmKzhLbmlQElU1g5JXqsND%2F%2F3eIRkHDwKYmLVl1ZzXmyIX8x8SPtOeeYKfuofwPlPpkHyt9ZKZxWcqGwTIt9%2FVlUCfd2ETOZIvjjhYgW228z3Fx7xQW3lSzFJNy8V1h2xUOZLFHYnbyu3r2OM6msJ2RKkqnAFq1Ju54WE%2F9dPkciIDv5t2zOhOB0cjwVm1BUYVknE7IEMpz4%3D&nvMid=30613463618&catId=50002384
29,오리온 눈을 감자 113g,"최저1,730원",https://cr.shopping.naver.com/adcr.nhn?x=7uxaMmeNb8cpK%2BYXd%2BZW3P%2F%2F%2Fw%3D%3DsNRJq2hYbvlz9tfnNhSJG1BIL1DScqeuImxN2FQpbLAr6tqFPUgrb4kukVk4dN7aAfTjXZdCUzu%2BSbxHJcy2bD0gAn8lD2%2BxrgblrBqYwPdUckd9Ca%2FSccvvQHwZvN6rS4QPlYXyL3cnursDztOpIele6WUqrzgxtJA%2F39mHt4Ff4caovVTCIm8tA7LDZLBDTRsCh5GS%2BklokEzA%2FJ0VszxCGSQdcrj%2BZJHLmJxgT%2FbvgbZWoBoWpzkYuq%2B2zHKg4W%2BwF8ma806%2FUhk4dtP0FXgpDZQ8Sr5A9bAXG5x9YHB2OwYdfwd9mz6JQam7s%2BAfuy%2F6MHZ6u%2F5n6uuzlUc6JNEuUiTS4CHUtVxQrWeRhExiV9h5Dtbg4FLBUjOc5V%2FOQnej2z53PUS1TSUIYwD3IjzAknLkCnWEeriZBpndT1lyUIDj%2B2TNAc4a8RaksMJ6lLpTEl5qHQ6bSWQg5m1P1ktd57PBEAvlq8IU3Q1i%2FAJpRPCnKYKzaBu%2B%2FyGyJ3OkhLcqEhOiscytOptfh0D9%2BArja%2FhxG8yRACRAKza7lGa3o1UGwgXT%2FQAYlazmNxVZrC%2BeCd5BPf5cELQ7qEpnHH0496v%2B7WUp9OLeUKLHmb1jnhYT%2F10%2BRyIgO%2Fm3bM6E4HRyPBWbUFRhWScTsgQynPg%3D%3D&nvMid=11788100843&catId=50001998
30,노브랜드 감자칩 오리지널 110g,최저760원,https://cr.shopping.naver.com/adcr.nhn?x=voMvr16B9PB9lm2CWT3tK%2F%2F%2F%2Fw%3D%3DsnUfCzV%2Brn%2F5btaZWtQs6oZVU6nzDLZwEGCOIUWvMjuf6tqFPUgrb4kukVk4dN7aAsFtSHm90epGvtz9E92zIykgAn8lD2%2BxrgblrBqYwPdUckd9Ca%2FSccvvQHwZvN6rS4QPlYXyL3cnursDztOpIele6WUqrzgxtJA%2F39mHt4Ff4caovVTCIm8tA7LDZLBDTRsCh5GS%2BklokEzA%2FJ0VszxCGSQdcrj%2BZJHLmJxgT%2FbuT8zfxVO04tMV2gKsuwLUjJ%2F91tIf2jQxIPfe%2B5%2B0CbQpDZQ8Sr5A9bAXG5x9YHB2OwYdfwd9mz6JQam7s%2BAfuy%2F6MHZ6u%2F5n6uuzlUc6JNEuUiTS4CHUtVxQrWeRhExiW8LFGJM4BfkUmFfHvpzU1nej2z53PUS1TSUIYwD3IjzAknLkCnWEeriZBpndT1lzlC1FjVMbWWWfO0wIKKfWrLpTEl5qHQ6bSWQg5m1P1kujUrUIfFQnHxV0MQYbGT297GeuWxedSjIAUVG3wzVKZWB%2BT45UI2iGkrQ3100czni0p7kRN4IeGQcpHEADgebOdSk2UjrtxjQfPApj0wisxYnHIcETcJifOE8sb44IMxR%2BuzfZh%2BIPlarEghXypv7dWRWVY4h%2B6I1HF1FuxKT4n5Hv1T%2FoDPeAT2ZD%2BWCfnsQ%3D%3D&nvMid=22336681786&catId=50001998
31,감자튀김 회오리 토네이도감자 80gx10개입 X6봉,"최저6,950원",https://cr.shopping.naver.com/adcr.nhn?x=j5Zyvl2sFpz7d1MQWeLEvf%2F%2F%2Fw%3D%3DsSmRi9uNKii7V1smagWJTug%2BP%2BpRLuN4CznZkPZnRpJD6tqFPUgrb4kukVk4dN7aAc%2FyjvH6FioSYxec%2FPVaYCUgAn8lD2%2BxrgblrBqYwPdUckd9Ca%2FSccvvQHwZvN6rS4QPlYXyL3cnursDztOpIele6WUqrzgxtJA%2F39mHt4Ff4caovVTCIm8tA7LDZLBDTRsCh5GS%2BklokEzA%2FJ0VszxCGSQdcrj%2BZJHLmJxgT%2FbsfwRgLCgEiknKennJmkW5mG88Ysk0ANaA4OY1DkNRhBwpDZQ8Sr5A9bAXG5x9YHB2OwYdfwd9mz6JQam7s%2BAfuy%2F6MHZ6u%2F5n6uuzlUc6JNEuUiTS4CHUtVxQrWeRhEximtpneB3pV0yy%2F9GDnq8kjdXuuPsatgYU9id2jTf8AfVrJHhqXwVshp4M8nKDLMosfGrd%2BooFeg0j9FfLdrl9HLpTEl5qHQ6bSWQg5m1P1kujUrUIfFQnHxV0MQYbGT2%2Bj9YkJEXFDMI%2F0AgqN31zReDX19Qyv3rAmnzxEzg%2BWkCb1kPfkEbZDqKTOjYlEnI95%2BpM5O%2Br39PphkEz3aDYl%2BrRiQAoY0TB2VtW%2BgzxjkTnYGdnZN5gI9PdAg8PqeRsNauEcRynSn%2F8orOK7nc90U7EqzUpNSowq4eKNqGgX0izUeJ5BxnH2GRkyXZuS4ilWhZ3SMHTcLlpircdRzUgq1JIslBmdxaTx7xO1%2BPPoWw%3D%3D&nvMid=31282383347&catId=50001877
32,선인 냉동 파타토 감자뇨끼 1kg,"최저6,840원",https://cr.shopping.naver.com/adcr.nhn?x=RfZJzirKDjPhoP9yXo6NMP%2F%2F%2Fw%3D%3DslMf2bIt1vHV0PyZNCPiZ0zesPpYOFKO7iOhKP%2FjqLmj11%2FXqYoC%2FPbVadL01uMO3IA1%2FZx8IBK%2FikTitXBkMR9yGaSr%2B0dRu37W7MMIB4NEaKnS7qDzT33%2Bj2nEMp8lHKrSIcZi51i57IK9dEOieM3LJOYH7%2BUr%2BgXR5VVpnF%2BK7RXiwcjGWeYWpdeGl2PwEHinNrx5sg4hc%2Bs%2BwYZL3l6Tq%2FbD2MGowZHhNOyBhpCeMULKF3uBXLLOZv5mDXBCcKBGQxgnID9wrEToHIjvQx0ykJ9tAJB2qMGkn5TaT1UbPPJrxjpBga%2Bf8M%2BB6nL1d334rL%2BbR36BhYe0R%2FrUmjgBSTS1sRv49oBHxm%2Bxq6Hixd1eI9EtMYFSVZHCdhK45pdg4X0SRZqZ75r%2FqyTpC7pRQ%2BwfKN3KTS%2FAUcZXYeB7u95LqZE4t7njejJGFu7won9y2e9ZovFBSqpAeFyCy0cg5XdbLb3COVNS6rBwCthS9S%2BNmdwLGV9GtqZO4BP1eUrEVoF3%2FkwVqeEblu6n1ybP2pRZteBK4SZfGOCbys2raCwcw5IKbFefaqbD3Fy8LdD04hmmg66%2BYbJpLpN3G5IgN%2F1NgM4LgvOAJ6Euy6vn5Vx7mYKRsFmdcVR3AwxJVqF5dm4B6pOkgB233JykeIeR79U%2F6Az3gE9mQ%2Flgn57E%3D&nvMid=27604429159&catId=50014060
33,코스트코 커클랜드 핑크솔트 감자칩 907g,"최저8,490원",https://cr.shopping.naver.com/adcr.nhn?x=ybZ0mB5EGc%2FWe%2Fk2r9Waxf%2F%2F%2Fw%3D%3DsNAfG5DBT0UZUkVr3ZuWOhobNDutP%2Br2Ee2Ty%2BKzkMm76tqFPUgrb4kukVk4dN7aA0PKPVes186OKB2NXdVSs6EgAn8lD2%2BxrgblrBqYwPdUckd9Ca%2FSccvvQHwZvN6rS4QPlYXyL3cnursDztOpIele6WUqrzgxtJA%2F39mHt4Ff4caovVTCIm8tA7LDZLBDTRsCh5GS%2BklokEzA%2FJ0VszxCGSQdcrj%2BZJHLmJxgT%2FbtwZsFqw6dQ8z1vYRhN3tMl1xc%2FHYySl7mdGfJ1eReU2gpDZQ8Sr5A9bAXG5x9YHB2OwYdfwd9mz6JQam7s%2BAfuy%2F6MHZ6u%2F5n6uuzlUc6JNEuUiTS4CHUtVxQrWeRhExgtw5HqQ6jujOXrTEJN4orGJ3Db0y2BaiPKAq%2F8KmD1PTAknLkCnWEeriZBpndT1lzV3anvxuOfJu%2BRt%2Ff06uRBLpTEl5qHQ6bSWQg5m1P1kg5sDy%2FYJxBupQUkD7yLJyEt%2FTpbrEFDekwFDrG69R7oMn7rJ3ZbNnBpXeB7%2FZ7hJQjbaUDVhXlHsjMK45A9vDBhjjsShyZvVV3FPpzjUmMoiA3%2FU2AzguC84AnoS7Lq%2BXN1O3rD8HwWKZhmU3ue2GbNuVk4rQYDZMbY7XSmpclPV3OdHgSE8LoEjTx9zpNPbFaRsOtQUnaEEbxBoHxZXOc%3D&nvMid=24991787522&catId=50001998
34,보닐라 감자칩 500g,"최저26,400원",https://cr.shopping.naver.com/adcr.nhn?x=%2FecRBq1d51YsRWKMl%2BzzVP%2F%2F%2Fw%3D%3Ds70knmovOHIsSiAMeBDrUUzvbic1D7aBlobl34x0ZSy8kv%2FPMhKkELpHSl4asO5LuijpYEvT%2FBInVJgYMECpsFMi30QtKP1mA7BYZPpxeJLceHZ5T6o%2FKOxB%2BF2EdwDbS0ZtZxG7sWu56H8mgTnXI%2B0XIDX7pV0SOKyt%2FuTrUpBmY76Xj0MMQsNg8fRyBoj%2FF2h%2FqNbmMd3P9tE5jamCbKQuIB8ncdehaYvLTVmrbJlHxeFfnD4tfPj%2BJ0ncp4remOTnv8vAnXGDTHYxxWXSW1LMUhyoaP5%2Bmw%2F8DAQfUJI75a%2Fsv7zhe7Pk7QbBgu%2FkaVV3pn6Znl%2B9MAtsEE%2BZ8ouacYsA2T1ONC2M4R1%2F3Eb9wPUDd5h%2F4wLOIaKG5mjV4s2i6N2KI17kCTL3WmfiP8qub1aocz3gDc6JqItKuKyWQvmwZobzsmZQncjaL94vysckzTqbxeSSgAFLHEsUV6QZroV0QIrmjvOVuD7W8wB1va1omq0FsucPxI%2BnlIuDxo64ifB9DVeZ8ffla9GlFdjrtopYu5oec7qY4MgxT7nDzuDeE4OqtsvHMgecMDVHm%2BgtF15PMkmjkNDmi88yMRbPOheRdDdbtVJrdnqc70%2B7BAA2YI3EJFKvnEBNm4YcEy1Vhq%2FH77x9Zlr1IFzyuow%3D%3D&nvMid=14254717538&catId=50001998
35,맥케인 슈스트링 막대 감자 2kg,"최저6,900원",https://cr.shopping.naver.com/adcr.nhn?x=gobh2G8FgUv4VnTH0WHdZv%2F%2F%2Fw%3D%3DsyeURalm0r9vcM%2Fs1cZIGa3jwHO9br6hP%2F%2Fgkv9hxYMX6tqFPUgrb4kukVk4dN7aA25bhbZi8xidl1OVBRFcC6UgAn8lD2%2BxrgblrBqYwPdUckd9Ca%2FSccvvQHwZvN6rS4QPlYXyL3cnursDztOpIele6WUqrzgxtJA%2F39mHt4Ff4caovVTCIm8tA7LDZLBDTRsCh5GS%2BklokEzA%2FJ0VszxCGSQdcrj%2BZJHLmJxgT%2FbvGpEfKKH1ccnXxpUzfYyuIdLAAz21f00SLJkmsRWL%2F8gpDZQ8Sr5A9bAXG5x9YHB2OwYdfwd9mz6JQam7s%2BAfuy%2F6MHZ6u%2F5n6uuzlUc6JNEuUiTS4CHUtVxQrWeRhExjdYcqAvGT%2FgEWwpER8jU7H7pPdsO2laUIQ4dxtyds9rlrJHhqXwVshp4M8nKDLMou5azyUWrwPJ5IVGl8tLVrTLpTEl5qHQ6bSWQg5m1P1kogML%2BD6oFCz76UCypXpLReiH%2Fs99FgB2usNkKFD4dxPCvame5eghOEcfvgWLz1xKF5iLqjlgQmMV4tnu647rI6%2FBWN8OniRK0bAsHQuXc1mTM3KeqJZXRj4szMAEdCA9hLPHBVE1X9hF6ZkrnPWwIT2iKTI98vtYt7PQQXQqbjRBL%2FQ%2Bed%2BjmWoW9Po0tR312hopkeKUdu5q4dSKA0zkoA%3D&nvMid=32200214140&catId=50001877
36,심플로트 테이터잼 맛감자 2kg,"최저7,900원",https://cr.shopping.naver.com/adcr.nhn?x=ozEt7gCz3wl%2BMybxajD%2BG%2F%2F%2F%2Fw%3D%3Dsfalga6FF1Yyjw22%2Fbrio%2Bx4EXwBuWq8CV8rHE0IyALMJD%2BCTyikpt%2Bl%2Bzx2aSSBTXXYHMDqVSVOzXY2nh428Lsi30QtKP1mA7BYZPpxeJLceHZ5T6o%2FKOxB%2BF2EdwDbS0ZtZxG7sWu56H8mgTnXI%2B0XIDX7pV0SOKyt%2FuTrUpBmY76Xj0MMQsNg8fRyBoj%2FF2h%2FqNbmMd3P9tE5jamCbKQuIB8ncdehaYvLTVmrbJlEJ1%2B%2BuxNY3DCxBGefn6LM9E42QdBZGZzwG32UubbjYqLMUhyoaP5%2Bmw%2F8DAQfUJI75a%2Fsv7zhe7Pk7QbBgu%2FkaVV3pn6Znl%2B9MAtsEE%2BZ8ouacYsA2T1ONC2M4R1%2F3Eb9%2B8cCiZc5tPQDdSkSf4IISs2i6N2KI17kCTL3WmfiP8q%2BIKNGq9aVwyetTyBPgopqqoqcWkOiWkhW%2BhC05YtL0sckzTqbxeSSgAFLHEsUV6dSKNFlSI%2B80kTUh7M%2Fp15vGg2eBjh8nVChuUxfN1P0BiwIeccYKeOPSBs6Ua%2BsYdvI0fIFRfBZUPaSLRPGc3PKfkdyXiEwi9COwqOWu3cwrjgppjYRb3N105pyB%2BfaCRv6suBQH1V68VSdP4hFuDVhmDLhNA1pnMb9mhvUPzOv%2Fiv%2FOViRwmDvEbbCeZX4PiQ4SwcLvxUEucVmH%2BcOht40%3D&nvMid=30898961454&catId=50001877
37,오리온 마켓오 감자톡 매콤달콤맛 136g,"최저1,620원",https://cr.shopping.naver.com/adcr.nhn?x=AHh%2BsZUkPXALdVj8El%2B8Pf%2F%2F%2Fw%3D%3DsXVaeGJaCnjvybb1CyhUlEmbyrgOO8Ys4chukDZ44gyL6tqFPUgrb4kukVk4dN7aAdQscOJ9Awrkxydt1lRuUf0gAn8lD2%2BxrgblrBqYwPdUckd9Ca%2FSccvvQHwZvN6rS4QPlYXyL3cnursDztOpIele6WUqrzgxtJA%2F39mHt4Ff4caovVTCIm8tA7LDZLBDTRsCh5GS%2BklokEzA%2FJ0VszxCGSQdcrj%2BZJHLmJxgT%2FbsLNP0Xsf73TglXzEeBMcjshVvLX6ld9RlR9vJoASmBHQpDZQ8Sr5A9bAXG5x9YHB2OwYdfwd9mz6JQam7s%2BAfuy%2F6MHZ6u%2F5n6uuzlUc6JNEuUiTS4CHUtVxQrWeRhExif9dHy5wvwqUKtlaZIEbXqaCggqxzSk0EzU99rGAl7HTAknLkCnWEeriZBpndT1lyLiRfa1x5XZcMey6JQWY11LpTEl5qHQ6bSWQg5m1P1kujUrUIfFQnHxV0MQYbGT28XmWm3Tq%2FChDDveS%2BleldDH9FUAcOsKatWqxEevjW53QgpdeYzMrua2HEfJqyrY8DEAKlaZty%2B6PgM8A3s0VfJT8AlxSYkXaLH96LNyv1p9Vs7C7QJHhSzD6CKmMnxEamm%2FgXaQUejB3SHi6KzU83cb1NmOoRBMBsXNQGXzjfbC%2BFUQB%2FrDAzm2q1KHRsHkfE%3D&nvMid=23268840491&catId=50001998
38,우리 전통 옛날과자 점보 대용량 앵두콘 강냉이 오란다 쌀과자 감자스틱 마카로니 뻥튀기,"최저3,100원",https://cr.shopping.naver.com/adcr.nhn?x=aCqGceh1vhaPpEHA5linGf%2F%2F%2Fw%3D%3DsjKtoGB0zbU17bOZIrdF%2Fu2phpBCjEAOqQ%2F%2B1r5FOiT%2F6tqFPUgrb4kukVk4dN7aACoU32enqrSbOR8nX81fHoUgAn8lD2%2BxrgblrBqYwPdUckd9Ca%2FSccvvQHwZvN6rS4QPlYXyL3cnursDztOpIele6WUqrzgxtJA%2F39mHt4Ff4caovVTCIm8tA7LDZLBDTRsCh5GS%2BklokEzA%2FJ0VszxCGSQdcrj%2BZJHLmJxgT%2FbuZ9hjZmtrhSwbcsmrzyZrRPUV%2FGfRbdmf1c66P%2Beg0jQpDZQ8Sr5A9bAXG5x9YHB2OwYdfwd9mz6JQam7s%2BAfuy%2F6MHZ6u%2F5n6uuzlUc6JNEuUiTS4CHUtVxQrWeRhExgk6c%2Fc0xaMPCql5pAQkLeP7pPdsO2laUIQ4dxtyds9rr892DQrIEA567FNTiDU8ZGZZNI20lNN9dLZXUJ4M2GhLpTEl5qHQ6bSWQg5m1P1khWlYditzzUlRQiSPWOuuZAUwm8wNC9XV5CfD%2F8uD2hko%2Bi5ZwJokvYIr8rme1LOSx7Hq0UdI8bHQO9hDmX6UfVJOq68vqpc7%2FxxOFVzYB65LVOyrtY%2F85inC2b5YokAKlxV45RQ8qcyxXmbz8k0WbEk1lZPXgXfckrmEe7JlBEGkXjyUV77PLsjErD6tKsh5w%2BOvQ1M%2BmioQPoK1p0MZUJ9Yyp2wBjkvIkeaztU1kEKjr%2Fvhuz%2FM2bOeEg7k3nONZX9Wmk7UMVVsThiWS1XiR7DfGtcm1XYIMF988pZIjzqaGimR4pR27mrh1IoDTOSgA%3D%3D&nvMid=27305445549&catId=50001918
39,오리온 마켓오 감자톡 허브솔트맛 136g,"최저1,620원",https://cr.shopping.naver.com/adcr.nhn?x=rpPGm5qDXKXlfMRBD1ySzP%2F%2F%2Fw%3D%3DsYRC4tDawaFGtxLhg2B4uU14ZdqZzuQXjL2YL%2BXGshr711%2FXqYoC%2FPbVadL01uMO3TBbIMlLIjZrsGuQvtP15WNyGaSr%2B0dRu37W7MMIB4NEaKnS7qDzT33%2Bj2nEMp8lHKrSIcZi51i57IK9dEOieM3LJOYH7%2BUr%2BgXR5VVpnF%2BK7RXiwcjGWeYWpdeGl2PwEHinNrx5sg4hc%2Bs%2BwYZL3l6Tq%2FbD2MGowZHhNOyBhpCdQLTApRPyiZcCbG9H8wGTAWiwd0i7sL8qSoUkMuffVSUykJ9tAJB2qMGkn5TaT1UbPPJrxjpBga%2Bf8M%2BB6nL1d334rL%2BbR36BhYe0R%2FrUmjgBSTS1sRv49oBHxm%2Bxq6HjvET7WKldyD4ML%2FzvCWluO2qnUeN1jkoR3D2aewSLvW%2Bp2LdD%2BbxXYDmNHXbecDBmqKj8Vulo8Ri7SKVc%2B%2BJbnRoxxu5f38mUKUFGcQitgzTactcTsb9hY7XFIVDpR3FmksN8pQHqeL1i6B23C2%2B%2Fn8JUNI3ILg7Yl6zghvZLpUw8CMWhMjrX%2FuyKtr3d6B6rpSqSqCRafQUUqczn30GNcAXXFWc%2BPUhmRQobtODN%2Func6FYmJ0bvy6MH%2BgNMgAMWwkdybXMoqTk4naqsAICal%2FpIEIp%2FvVG2n0QPW3PxZXUHQIiXcF4qwUXZ2sX76wW8%3D&nvMid=23268631492&catId=50001998
